Roll_no,Names,gender,section,maths,science,telugu,total,average
1,hari,m,A,12,35,46,93,31.0
2,aswini,f,B,34,57,68,159,53.0
4,sandya,f,A,45,24,25,94,31.333333333333332
5,lakshmi,f,A,56,69,89,230,76.66666666666667
6,devi,f,C,79,67,45,191,63.666666666666664
9,lakshmi,f,A,45,67,38,150,50.0
8,vasu,m,A,58,23,38,119,39.666666666666664
